att_bow_or_neck,att_many_colors,id,image
0,-100,0,0.jpg
-100,-100,1,1.jpg
0,1,2,10.jpg
0,1,3,100.jpg
1,1,4,1000.jpg
1,-100,5,1001.jpg
1,1,6,1002.jpg
1,-100,7,1003.jpg
1,-100,8,1004.jpg
1,0,9,1005.jpg
1,1,10,1006.jpg
1,-100,11,1007.jpg
1,0,12,1008.jpg
1,-100,13,1009.jpg
0,-100,14,101.jpg
1,1,15,1010.jpg
1,1,16,1011.jpg
1,1,17,1012.jpg
1,1,18,1013.jpg
1,1,19,1014.jpg
1,-100,20,1015.jpg
1,-100,21,1016.jpg
1,-100,22,1017.jpg
1,1,23,1018.jpg
1,1,24,1019.jpg
0,1,25,102.jpg
1,1,26,1020.jpg
1,1,27,1021.jpg
1,-100,28,1022.jpg
1,1,29,1023.jpg
0,-100,30,1024.jpg
1,-100,31,1025.jpg
1,1,32,1026.jpg
0,1,33,1027.jpg
1,-100,34,1028.jpg
1,1,35,1029.jpg
1,0,36,103.jpg
1,-100,37,1030.jpg
1,1,38,1031.jpg
1,-100,39,1032.jpg
1,1,40,1033.jpg
1,1,41,1034.jpg
1,-100,42,1035.jpg
1,1,43,1036.jpg
1,1,44,1037.jpg
1,1,45,1038.jpg
1,-100,46,1039.jpg
1,-100,47,104.jpg
1,-100,48,1040.jpg
1,1,49,1041.jpg
1,1,50,1042.jpg
1,-100,51,1043.jpg
1,1,52,1044.jpg
1,1,53,1045.jpg
1,-100,54,1046.jpg
-100,-100,55,1047.jpg
1,-100,56,1048.jpg
1,-100,57,1049.jpg
0,-100,58,105.jpg
1,1,59,1050.jpg
1,1,60,1051.jpg
1,0,61,1052.jpg
1,1,62,1053.jpg
1,1,63,1054.jpg
1,-100,64,1055.jpg
1,1,65,1056.jpg
1,1,66,1057.jpg
1,0,67,1058.jpg
1,1,68,1059.jpg
1,0,69,106.jpg
1,-100,70,1060.jpg
1,1,71,1061.jpg
1,1,72,1062.jpg
1,0,73,1063.jpg
1,1,74,1064.jpg
1,1,75,1065.jpg
1,1,76,1066.jpg
1,1,77,1067.jpg
1,-100,78,1068.jpg
1,0,79,1069.jpg
0,1,80,107.jpg
1,1,81,1070.jpg
1,-100,82,1071.jpg
1,-100,83,1072.jpg
1,1,84,1073.jpg
1,1,85,1074.jpg
1,1,86,1075.jpg
-100,-100,87,1076.jpg
1,-100,88,1077.jpg
1,-100,89,1078.jpg
1,1,90,1079.jpg
1,-100,91,108.jpg
1,1,92,1080.jpg
1,1,93,1081.jpg
1,1,94,1082.jpg
1,1,95,1083.jpg
1,1,96,1084.jpg
1,1,97,1085.jpg
1,-100,98,1086.jpg
1,-100,99,1087.jpg
1,1,100,1088.jpg
1,-100,101,1089.jpg
0,1,102,109.jpg
1,-100,103,1090.jpg
1,1,104,1091.jpg
1,1,105,1092.jpg
1,1,106,1093.jpg
1,1,107,1094.jpg
1,1,108,1095.jpg
1,1,109,1096.jpg
1,1,110,1097.jpg
1,1,111,1098.jpg
1,1,112,1099.jpg
-100,-100,113,11.jpg
0,-100,114,110.jpg
1,-100,115,1100.jpg
1,-100,116,1101.jpg
1,-100,117,1102.jpg
1,1,118,1103.jpg
1,1,119,1104.jpg
1,-100,120,1105.jpg
1,1,121,1106.jpg
1,-100,122,1107.jpg
1,1,123,1108.jpg
1,-100,124,1109.jpg
0,-100,125,111.jpg
1,1,126,1110.jpg
1,-100,127,1111.jpg
1,1,128,1112.jpg
1,-100,129,1113.jpg
1,1,130,1114.jpg
1,1,131,1115.jpg
1,1,132,1116.jpg
1,1,133,1117.jpg
1,1,134,1118.jpg
1,1,135,1119.jpg
0,1,136,112.jpg
1,1,137,1120.jpg
1,1,138,1121.jpg
1,1,139,1122.jpg
1,-100,140,1123.jpg
1,1,141,1124.jpg
1,1,142,1125.jpg
1,1,143,1126.jpg
1,1,144,1127.jpg
1,1,145,1128.jpg
1,1,146,1129.jpg
1,-100,147,113.jpg
1,1,148,1130.jpg
1,-100,149,1131.jpg
1,1,150,1132.jpg
1,1,151,1133.jpg
1,1,152,1134.jpg
1,1,153,1135.jpg
1,1,154,1136.jpg
1,1,155,1137.jpg
1,1,156,1138.jpg
1,1,157,1139.jpg
-100,0,158,114.jpg
1,-100,159,1140.jpg
1,1,160,1141.jpg
1,1,161,1142.jpg
1,1,162,1143.jpg
1,1,163,1144.jpg
-100,-100,164,1145.jpg
1,1,165,1146.jpg
1,1,166,1147.jpg
1,-100,167,1148.jpg
1,1,168,1149.jpg
1,1,169,115.jpg
1,1,170,1150.jpg
1,1,171,1151.jpg
1,-100,172,1152.jpg
1,1,173,1153.jpg
1,1,174,1154.jpg
1,1,175,1155.jpg
1,-100,176,1156.jpg
1,1,177,1157.jpg
1,1,178,1158.jpg
1,1,179,1159.jpg
0,1,180,116.jpg
1,1,181,1160.jpg
1,-100,182,1161.jpg
1,1,183,1162.jpg
1,1,184,1163.jpg
1,-100,185,1164.jpg
1,1,186,1165.jpg
1,1,187,1166.jpg
1,-100,188,1167.jpg
1,-100,189,1168.jpg
1,1,190,1169.jpg
1,-100,191,117.jpg
1,1,192,1170.jpg
1,-100,193,1171.jpg
1,1,194,1172.jpg
1,1,195,1173.jpg
1,1,196,1174.jpg
1,-100,197,1175.jpg
1,1,198,1176.jpg
1,1,199,1177.jpg
-100,0,200,1178.jpg
1,-100,201,1179.jpg
0,1,202,118.jpg
1,1,203,1180.jpg
1,-100,204,119.jpg
-100,-100,205,12.jpg
1,1,206,120.jpg
0,-100,207,121.jpg
1,0,208,122.jpg
0,-100,209,123.jpg
1,0,210,124.jpg
0,1,211,125.jpg
0,-100,212,126.jpg
1,-100,213,127.jpg
0,1,214,128.jpg
-100,0,215,129.jpg
-100,-100,216,13.jpg
0,1,217,130.jpg
1,1,218,131.jpg
0,-100,219,132.jpg
1,0,220,133.jpg
0,1,221,134.jpg
0,-100,222,135.jpg
1,0,223,136.jpg
0,1,224,137.jpg
1,1,225,138.jpg
-100,-100,226,139.jpg
-100,-100,227,14.jpg
0,1,228,140.jpg
1,-100,229,141.jpg
0,1,230,142.jpg
0,1,231,143.jpg
1,1,232,144.jpg
1,0,233,145.jpg
1,1,234,146.jpg
1,-100,235,147.jpg
0,1,236,148.jpg
0,1,237,149.jpg
-100,-100,238,15.jpg
-100,0,239,150.jpg
0,1,240,151.jpg
1,0,241,152.jpg
1,-100,242,153.jpg
1,0,243,154.jpg
0,-100,244,155.jpg
0,1,245,156.jpg
0,1,246,157.jpg
0,1,247,158.jpg
0,1,248,159.jpg
0,-100,249,16.jpg
1,-100,250,160.jpg
1,-100,251,161.jpg
1,1,252,162.jpg
1,-100,253,163.jpg
0,-100,254,164.jpg
0,1,255,165.jpg
0,1,256,166.jpg
0,1,257,167.jpg
0,1,258,168.jpg
1,0,259,169.jpg
-100,-100,260,17.jpg
0,-100,261,170.jpg
1,0,262,171.jpg
0,1,263,172.jpg
0,1,264,173.jpg
-100,-100,265,174.jpg
1,-100,266,175.jpg
0,1,267,176.jpg
0,1,268,177.jpg
1,0,269,178.jpg
0,1,270,179.jpg
-100,-100,271,18.jpg
0,1,272,180.jpg
1,-100,273,181.jpg
1,-100,274,182.jpg
0,1,275,183.jpg
-100,-100,276,184.jpg
-100,-100,277,185.jpg
1,1,278,186.jpg
1,0,279,187.jpg
-100,0,280,188.jpg
-100,-100,281,189.jpg
-100,-100,282,19.jpg
0,-100,283,190.jpg
1,1,284,191.jpg
1,1,285,192.jpg
1,0,286,193.jpg
1,-100,287,194.jpg
1,0,288,195.jpg
0,1,289,196.jpg
1,-100,290,197.jpg
1,-100,291,198.jpg
-100,-100,292,199.jpg
-100,-100,293,2.jpg
-100,-100,294,20.jpg
0,-100,295,200.jpg
0,1,296,201.jpg
0,1,297,202.jpg
0,-100,298,203.jpg
0,-100,299,204.jpg
0,-100,300,205.jpg
-100,-100,301,206.jpg
-100,-100,302,207.jpg
-100,-100,303,208.jpg
-100,-100,304,209.jpg
-100,-100,305,21.jpg
-100,-100,306,210.jpg
-100,-100,307,211.jpg
-100,-100,308,212.jpg
-100,-100,309,213.jpg
-100,-100,310,214.jpg
-100,-100,311,215.jpg
-100,-100,312,216.jpg
-100,-100,313,217.jpg
-100,-100,314,218.jpg
-100,-100,315,219.jpg
-100,-100,316,22.jpg
-100,-100,317,220.jpg
-100,-100,318,221.jpg
-100,-100,319,222.jpg
-100,-100,320,223.jpg
-100,-100,321,224.jpg
-100,-100,322,225.jpg
-100,-100,323,226.jpg
-100,-100,324,227.jpg
-100,-100,325,228.jpg
-100,-100,326,229.jpg
-100,-100,327,23.jpg
-100,-100,328,230.jpg
-100,-100,329,231.jpg
-100,-100,330,232.jpg
-100,-100,331,233.jpg
-100,-100,332,234.jpg
-100,-100,333,235.jpg
-100,-100,334,236.jpg
-100,-100,335,237.jpg
-100,-100,336,238.jpg
-100,-100,337,239.jpg
-100,-100,338,24.jpg
-100,-100,339,240.jpg
-100,-100,340,241.jpg
-100,-100,341,242.jpg
-100,-100,342,243.jpg
-100,-100,343,244.jpg
-100,-100,344,245.jpg
-100,-100,345,246.jpg
-100,-100,346,247.jpg
-100,-100,347,248.jpg
-100,-100,348,249.jpg
-100,-100,349,25.jpg
-100,-100,350,250.jpg
-100,-100,351,251.jpg
-100,-100,352,252.jpg
-100,-100,353,253.jpg
-100,-100,354,254.jpg
-100,-100,355,255.jpg
-100,-100,356,256.jpg
-100,-100,357,257.jpg
-100,-100,358,258.jpg
-100,-100,359,259.jpg
-100,-100,360,26.jpg
-100,-100,361,260.jpg
-100,-100,362,261.jpg
-100,-100,363,262.jpg
-100,-100,364,263.jpg
-100,-100,365,264.jpg
-100,-100,366,265.jpg
-100,-100,367,266.jpg
-100,-100,368,267.jpg
-100,-100,369,268.jpg
-100,-100,370,269.jpg
-100,-100,371,27.jpg
-100,-100,372,270.jpg
-100,-100,373,271.jpg
-100,-100,374,272.jpg
-100,-100,375,273.jpg
-100,-100,376,274.jpg
-100,-100,377,275.jpg
-100,-100,378,276.jpg
-100,-100,379,277.jpg
-100,-100,380,278.jpg
-100,-100,381,279.jpg
-100,-100,382,28.jpg
-100,-100,383,280.jpg
-100,-100,384,281.jpg
-100,-100,385,282.jpg
-100,-100,386,283.jpg
-100,-100,387,284.jpg
-100,-100,388,285.jpg
-100,-100,389,286.jpg
-100,-100,390,287.jpg
-100,-100,391,288.jpg
-100,-100,392,289.jpg
-100,-100,393,29.jpg
-100,-100,394,290.jpg
-100,-100,395,291.jpg
-100,-100,396,292.jpg
-100,-100,397,293.jpg
-100,-100,398,294.jpg
-100,-100,399,295.jpg
-100,-100,400,296.jpg
-100,-100,401,297.jpg
-100,-100,402,298.jpg
-100,-100,403,299.jpg
-100,-100,404,3.jpg
-100,-100,405,30.jpg
-100,-100,406,300.jpg
-100,-100,407,301.jpg
-100,-100,408,302.jpg
-100,-100,409,303.jpg
-100,-100,410,304.jpg
-100,-100,411,305.jpg
-100,-100,412,306.jpg
-100,-100,413,307.jpg
-100,-100,414,308.jpg
-100,-100,415,309.jpg
-100,-100,416,31.jpg
-100,-100,417,310.jpg
-100,-100,418,311.jpg
-100,-100,419,312.jpg
-100,-100,420,313.jpg
-100,-100,421,314.jpg
-100,-100,422,315.jpg
-100,-100,423,316.jpg
-100,-100,424,317.jpg
-100,-100,425,318.jpg
-100,-100,426,319.jpg
-100,-100,427,32.jpg
-100,-100,428,320.jpg
-100,-100,429,321.jpg
-100,-100,430,322.jpg
-100,-100,431,323.jpg
-100,-100,432,324.jpg
-100,-100,433,325.jpg
-100,-100,434,326.jpg
-100,-100,435,327.jpg
-100,-100,436,328.jpg
-100,-100,437,329.jpg
-100,-100,438,33.jpg
-100,-100,439,330.jpg
-100,-100,440,331.jpg
-100,-100,441,332.jpg
-100,-100,442,333.jpg
-100,-100,443,334.jpg
-100,-100,444,335.jpg
-100,-100,445,336.jpg
-100,-100,446,337.jpg
-100,-100,447,338.jpg
-100,-100,448,339.jpg
-100,-100,449,34.jpg
-100,-100,450,340.jpg
-100,-100,451,341.jpg
-100,-100,452,342.jpg
-100,-100,453,343.jpg
-100,-100,454,344.jpg
-100,-100,455,345.jpg
-100,-100,456,346.jpg
-100,-100,457,347.jpg
-100,-100,458,348.jpg
-100,-100,459,349.jpg
-100,-100,460,35.jpg
-100,-100,461,350.jpg
-100,-100,462,351.jpg
-100,-100,463,352.jpg
-100,-100,464,353.jpg
-100,-100,465,354.jpg
-100,-100,466,355.jpg
-100,-100,467,356.jpg
-100,-100,468,357.jpg
-100,-100,469,358.jpg
-100,-100,470,359.jpg
-100,-100,471,36.jpg
-100,-100,472,360.jpg
-100,-100,473,361.jpg
-100,-100,474,362.jpg
-100,-100,475,363.jpg
-100,-100,476,364.jpg
-100,-100,477,365.jpg
-100,-100,478,366.jpg
-100,-100,479,367.jpg
-100,-100,480,368.jpg
-100,-100,481,369.jpg
-100,-100,482,37.jpg
-100,-100,483,370.jpg
-100,-100,484,371.jpg
-100,-100,485,372.jpg
-100,-100,486,373.jpg
-100,-100,487,374.jpg
-100,-100,488,375.jpg
-100,-100,489,376.jpg
-100,-100,490,377.jpg
-100,-100,491,378.jpg
-100,-100,492,379.jpg
-100,-100,493,38.jpg
-100,-100,494,380.jpg
-100,-100,495,381.jpg
-100,-100,496,382.jpg
-100,-100,497,383.jpg
-100,-100,498,384.jpg
-100,-100,499,385.jpg
-100,-100,500,386.jpg
-100,-100,501,387.jpg
-100,-100,502,388.jpg
-100,-100,503,389.jpg
-100,-100,504,39.jpg
-100,-100,505,390.jpg
-100,-100,506,391.jpg
-100,-100,507,392.jpg
-100,-100,508,393.jpg
-100,-100,509,394.jpg
-100,-100,510,395.jpg
-100,-100,511,396.jpg
-100,-100,512,397.jpg
-100,-100,513,398.jpg
-100,-100,514,399.jpg
-100,-100,515,4.jpg
-100,-100,516,40.jpg
-100,-100,517,400.jpg
-100,-100,518,401.jpg
-100,-100,519,402.jpg
-100,-100,520,403.jpg
-100,-100,521,404.jpg
-100,-100,522,405.jpg
-100,-100,523,406.jpg
-100,-100,524,407.jpg
-100,-100,525,408.jpg
-100,-100,526,409.jpg
-100,-100,527,41.jpg
-100,-100,528,410.jpg
-100,-100,529,411.jpg
-100,-100,530,412.jpg
-100,-100,531,413.jpg
-100,-100,532,414.jpg
-100,-100,533,415.jpg
-100,-100,534,416.jpg
-100,-100,535,417.jpg
-100,-100,536,418.jpg
-100,-100,537,419.jpg
-100,-100,538,42.jpg
-100,-100,539,420.jpg
-100,-100,540,421.jpg
-100,-100,541,422.jpg
-100,-100,542,423.jpg
-100,-100,543,424.jpg
-100,-100,544,425.jpg
-100,-100,545,426.jpg
-100,-100,546,427.jpg
-100,-100,547,428.jpg
-100,-100,548,429.jpg
-100,-100,549,43.jpg
-100,-100,550,430.jpg
-100,-100,551,431.jpg
-100,-100,552,432.jpg
-100,-100,553,433.jpg
-100,-100,554,434.jpg
-100,-100,555,435.jpg
-100,-100,556,436.jpg
-100,-100,557,437.jpg
-100,-100,558,438.jpg
-100,-100,559,439.jpg
-100,-100,560,44.jpg
-100,-100,561,440.jpg
-100,-100,562,441.jpg
-100,-100,563,442.jpg
-100,-100,564,443.jpg
-100,-100,565,444.jpg
-100,-100,566,445.jpg
-100,-100,567,446.jpg
-100,-100,568,447.jpg
-100,-100,569,448.jpg
-100,-100,570,449.jpg
-100,-100,571,45.jpg
-100,-100,572,450.jpg
-100,-100,573,451.jpg
-100,-100,574,452.jpg
-100,-100,575,453.jpg
-100,-100,576,454.jpg
-100,-100,577,455.jpg
-100,-100,578,456.jpg
-100,-100,579,457.jpg
-100,-100,580,458.jpg
-100,-100,581,459.jpg
-100,-100,582,46.jpg
-100,-100,583,460.jpg
-100,-100,584,461.jpg
-100,-100,585,462.jpg
-100,-100,586,463.jpg
-100,-100,587,464.jpg
-100,-100,588,465.jpg
-100,-100,589,466.jpg
-100,-100,590,467.jpg
-100,-100,591,468.jpg
-100,-100,592,469.jpg
-100,-100,593,47.jpg
-100,-100,594,470.jpg
-100,-100,595,471.jpg
-100,-100,596,472.jpg
-100,-100,597,473.jpg
-100,-100,598,474.jpg
-100,-100,599,475.jpg
-100,-100,600,476.jpg
-100,-100,601,477.jpg
-100,-100,602,478.jpg
-100,-100,603,479.jpg
-100,-100,604,48.jpg
-100,-100,605,480.jpg
-100,-100,606,481.jpg
-100,-100,607,482.jpg
-100,-100,608,483.jpg
-100,-100,609,484.jpg
-100,-100,610,485.jpg
-100,-100,611,486.jpg
-100,-100,612,487.jpg
-100,-100,613,488.jpg
-100,-100,614,489.jpg
-100,-100,615,49.jpg
-100,-100,616,490.jpg
-100,-100,617,491.jpg
-100,-100,618,492.jpg
-100,-100,619,493.jpg
-100,-100,620,494.jpg
-100,-100,621,495.jpg
-100,-100,622,496.jpg
-100,-100,623,497.jpg
-100,-100,624,498.jpg
-100,-100,625,499.jpg
-100,-100,626,5.jpg
-100,-100,627,50.jpg
-100,-100,628,500.jpg
-100,-100,629,501.jpg
-100,-100,630,502.jpg
-100,-100,631,503.jpg
-100,-100,632,504.jpg
-100,-100,633,505.jpg
-100,-100,634,506.jpg
-100,-100,635,507.jpg
-100,-100,636,508.jpg
-100,-100,637,509.jpg
-100,-100,638,51.jpg
-100,-100,639,510.jpg
-100,-100,640,511.jpg
-100,-100,641,512.jpg
-100,-100,642,513.jpg
-100,-100,643,514.jpg
-100,-100,644,515.jpg
-100,-100,645,516.jpg
-100,-100,646,517.jpg
-100,-100,647,518.jpg
-100,-100,648,519.jpg
-100,-100,649,52.jpg
-100,-100,650,520.jpg
-100,-100,651,521.jpg
-100,-100,652,522.jpg
-100,-100,653,523.jpg
-100,-100,654,524.jpg
-100,-100,655,525.jpg
-100,-100,656,526.jpg
-100,-100,657,527.jpg
-100,-100,658,528.jpg
-100,-100,659,529.jpg
-100,-100,660,53.jpg
-100,-100,661,530.jpg
-100,-100,662,531.jpg
-100,-100,663,532.jpg
-100,-100,664,533.jpg
-100,-100,665,534.jpg
-100,-100,666,535.jpg
-100,-100,667,536.jpg
-100,-100,668,537.jpg
-100,-100,669,538.jpg
-100,-100,670,539.jpg
-100,-100,671,54.jpg
-100,-100,672,540.jpg
-100,-100,673,541.jpg
-100,-100,674,542.jpg
-100,-100,675,543.jpg
-100,-100,676,544.jpg
-100,-100,677,545.jpg
-100,-100,678,546.jpg
-100,-100,679,547.jpg
-100,-100,680,548.jpg
-100,-100,681,549.jpg
-100,-100,682,55.jpg
-100,-100,683,550.jpg
-100,-100,684,551.jpg
-100,-100,685,552.jpg
-100,-100,686,553.jpg
-100,-100,687,554.jpg
-100,-100,688,555.jpg
-100,-100,689,556.jpg
-100,-100,690,557.jpg
-100,-100,691,558.jpg
-100,-100,692,559.jpg
-100,-100,693,56.jpg
-100,-100,694,560.jpg
-100,-100,695,561.jpg
-100,-100,696,562.jpg
-100,-100,697,563.jpg
-100,-100,698,564.jpg
-100,-100,699,565.jpg
-100,-100,700,566.jpg
-100,-100,701,567.jpg
-100,-100,702,568.jpg
-100,-100,703,569.jpg
-100,-100,704,57.jpg
-100,-100,705,570.jpg
-100,-100,706,571.jpg
-100,-100,707,572.jpg
-100,-100,708,573.jpg
-100,-100,709,574.jpg
-100,-100,710,575.jpg
-100,-100,711,576.jpg
-100,-100,712,577.jpg
-100,-100,713,578.jpg
-100,-100,714,579.jpg
-100,-100,715,58.jpg
-100,-100,716,580.jpg
-100,-100,717,581.jpg
-100,-100,718,582.jpg
-100,-100,719,583.jpg
-100,-100,720,584.jpg
-100,-100,721,585.jpg
-100,-100,722,586.jpg
-100,-100,723,587.jpg
-100,-100,724,588.jpg
-100,-100,725,589.jpg
-100,-100,726,59.jpg
-100,-100,727,590.jpg
-100,-100,728,591.jpg
-100,-100,729,592.jpg
-100,-100,730,593.jpg
-100,-100,731,594.jpg
-100,-100,732,595.jpg
-100,-100,733,596.jpg
-100,-100,734,597.jpg
-100,-100,735,598.jpg
-100,-100,736,599.jpg
-100,-100,737,6.jpg
-100,-100,738,60.jpg
-100,-100,739,600.jpg
-100,-100,740,601.jpg
-100,-100,741,602.jpg
-100,-100,742,603.jpg
-100,-100,743,604.jpg
-100,-100,744,605.jpg
-100,-100,745,606.jpg
-100,-100,746,607.jpg
-100,-100,747,608.jpg
-100,-100,748,609.jpg
-100,-100,749,61.jpg
-100,-100,750,610.jpg
-100,-100,751,611.jpg
-100,-100,752,612.jpg
-100,-100,753,613.jpg
-100,-100,754,614.jpg
-100,-100,755,615.jpg
-100,-100,756,616.jpg
-100,-100,757,617.jpg
-100,-100,758,618.jpg
-100,-100,759,619.jpg
-100,-100,760,62.jpg
-100,-100,761,620.jpg
-100,-100,762,621.jpg
-100,-100,763,622.jpg
-100,-100,764,623.jpg
-100,-100,765,624.jpg
-100,-100,766,625.jpg
-100,-100,767,626.jpg
-100,-100,768,627.jpg
-100,-100,769,628.jpg
-100,-100,770,629.jpg
-100,-100,771,63.jpg
-100,-100,772,630.jpg
-100,-100,773,631.jpg
-100,-100,774,632.jpg
-100,-100,775,633.jpg
-100,-100,776,634.jpg
-100,-100,777,635.jpg
-100,-100,778,636.jpg
-100,-100,779,637.jpg
-100,-100,780,638.jpg
-100,-100,781,639.jpg
-100,-100,782,64.jpg
-100,-100,783,640.jpg
-100,-100,784,641.jpg
-100,-100,785,642.jpg
-100,-100,786,643.jpg
-100,-100,787,644.jpg
-100,-100,788,645.jpg
-100,-100,789,646.jpg
-100,-100,790,647.jpg
-100,-100,791,648.jpg
-100,-100,792,649.jpg
-100,-100,793,65.jpg
-100,-100,794,650.jpg
-100,-100,795,651.jpg
-100,-100,796,652.jpg
-100,-100,797,653.jpg
-100,-100,798,654.jpg
-100,-100,799,655.jpg
-100,-100,800,656.jpg
-100,-100,801,657.jpg
-100,-100,802,658.jpg
-100,-100,803,659.jpg
-100,-100,804,66.jpg
-100,-100,805,660.jpg
-100,-100,806,661.jpg
-100,-100,807,662.jpg
-100,-100,808,663.jpg
-100,-100,809,664.jpg
-100,-100,810,665.jpg
-100,-100,811,666.jpg
-100,-100,812,667.jpg
-100,-100,813,668.jpg
-100,-100,814,669.jpg
-100,-100,815,67.jpg
-100,-100,816,670.jpg
-100,-100,817,671.jpg
-100,-100,818,672.jpg
-100,-100,819,673.jpg
-100,-100,820,674.jpg
-100,-100,821,675.jpg
-100,-100,822,676.jpg
-100,-100,823,677.jpg
-100,-100,824,678.jpg
-100,-100,825,679.jpg
-100,-100,826,68.jpg
-100,-100,827,680.jpg
-100,-100,828,681.jpg
-100,-100,829,682.jpg
-100,-100,830,683.jpg
-100,-100,831,684.jpg
-100,-100,832,685.jpg
-100,-100,833,686.jpg
-100,-100,834,687.jpg
-100,-100,835,688.jpg
-100,-100,836,689.jpg
-100,-100,837,69.jpg
-100,-100,838,690.jpg
-100,-100,839,691.jpg
-100,-100,840,692.jpg
-100,-100,841,693.jpg
-100,-100,842,694.jpg
-100,-100,843,695.jpg
-100,-100,844,696.jpg
-100,-100,845,697.jpg
-100,-100,846,698.jpg
-100,-100,847,699.jpg
-100,-100,848,7.jpg
-100,-100,849,70.jpg
-100,-100,850,700.jpg
-100,-100,851,701.jpg
-100,-100,852,702.jpg
-100,-100,853,703.jpg
-100,-100,854,704.jpg
-100,-100,855,705.jpg
-100,-100,856,706.jpg
-100,-100,857,707.jpg
-100,-100,858,708.jpg
-100,-100,859,709.jpg
-100,-100,860,71.jpg
-100,-100,861,710.jpg
-100,-100,862,711.jpg
-100,-100,863,712.jpg
-100,-100,864,713.jpg
-100,-100,865,714.jpg
-100,-100,866,715.jpg
-100,-100,867,716.jpg
-100,-100,868,717.jpg
-100,-100,869,718.jpg
-100,-100,870,719.jpg
-100,-100,871,72.jpg
-100,-100,872,720.jpg
-100,-100,873,721.jpg
-100,-100,874,722.jpg
-100,-100,875,723.jpg
-100,-100,876,724.jpg
-100,-100,877,725.jpg
-100,-100,878,726.jpg
-100,-100,879,727.jpg
-100,-100,880,728.jpg
-100,-100,881,729.jpg
-100,-100,882,73.jpg
-100,-100,883,730.jpg
-100,-100,884,731.jpg
-100,-100,885,732.jpg
-100,-100,886,733.jpg
-100,-100,887,734.jpg
-100,-100,888,735.jpg
-100,-100,889,736.jpg
-100,-100,890,737.jpg
-100,-100,891,738.jpg
-100,-100,892,739.jpg
-100,-100,893,74.jpg
-100,-100,894,740.jpg
-100,-100,895,741.jpg
-100,-100,896,742.jpg
-100,-100,897,743.jpg
-100,-100,898,744.jpg
-100,-100,899,745.jpg
-100,-100,900,746.jpg
-100,-100,901,747.jpg
-100,-100,902,748.jpg
-100,-100,903,749.jpg
-100,-100,904,75.jpg
-100,-100,905,750.jpg
-100,-100,906,751.jpg
-100,-100,907,752.jpg
-100,-100,908,753.jpg
-100,-100,909,754.jpg
-100,-100,910,755.jpg
-100,-100,911,756.jpg
-100,-100,912,757.jpg
-100,-100,913,758.jpg
-100,-100,914,759.jpg
-100,-100,915,76.jpg
-100,-100,916,760.jpg
-100,-100,917,761.jpg
-100,-100,918,762.jpg
-100,-100,919,763.jpg
-100,-100,920,764.jpg
-100,-100,921,765.jpg
-100,-100,922,766.jpg
-100,-100,923,767.jpg
-100,-100,924,768.jpg
-100,-100,925,769.jpg
-100,-100,926,77.jpg
-100,-100,927,770.jpg
-100,-100,928,771.jpg
-100,-100,929,772.jpg
-100,-100,930,773.jpg
-100,-100,931,774.jpg
-100,-100,932,775.jpg
-100,-100,933,776.jpg
-100,-100,934,777.jpg
-100,-100,935,778.jpg
-100,-100,936,779.jpg
-100,-100,937,78.jpg
-100,-100,938,780.jpg
-100,-100,939,781.jpg
-100,-100,940,782.jpg
-100,-100,941,783.jpg
-100,-100,942,784.jpg
-100,-100,943,785.jpg
-100,-100,944,786.jpg
-100,-100,945,787.jpg
-100,-100,946,788.jpg
-100,-100,947,789.jpg
-100,-100,948,79.jpg
-100,-100,949,790.jpg
-100,-100,950,791.jpg
-100,-100,951,792.jpg
-100,-100,952,793.jpg
-100,-100,953,794.jpg
-100,-100,954,795.jpg
-100,-100,955,796.jpg
-100,-100,956,797.jpg
-100,-100,957,798.jpg
-100,-100,958,799.jpg
-100,-100,959,8.jpg
-100,-100,960,80.jpg
-100,-100,961,800.jpg
-100,-100,962,801.jpg
-100,-100,963,802.jpg
-100,-100,964,803.jpg
-100,-100,965,804.jpg
-100,-100,966,805.jpg
-100,-100,967,806.jpg
-100,-100,968,807.jpg
-100,-100,969,808.jpg
-100,-100,970,809.jpg
-100,-100,971,81.jpg
-100,-100,972,810.jpg
-100,-100,973,811.jpg
-100,-100,974,812.jpg
-100,-100,975,813.jpg
-100,-100,976,814.jpg
-100,-100,977,815.jpg
-100,-100,978,816.jpg
-100,-100,979,817.jpg
-100,-100,980,818.jpg
-100,-100,981,819.jpg
-100,-100,982,82.jpg
-100,-100,983,820.jpg
-100,-100,984,821.jpg
-100,-100,985,822.jpg
-100,-100,986,823.jpg
-100,-100,987,824.jpg
-100,-100,988,825.jpg
-100,-100,989,826.jpg
-100,-100,990,827.jpg
-100,-100,991,828.jpg
-100,-100,992,829.jpg
-100,-100,993,83.jpg
-100,-100,994,830.jpg
-100,-100,995,831.jpg
-100,-100,996,832.jpg
-100,-100,997,833.jpg
-100,-100,998,834.jpg
-100,-100,999,835.jpg
-100,-100,1000,836.jpg
-100,-100,1001,837.jpg
-100,-100,1002,838.jpg
-100,-100,1003,839.jpg
-100,-100,1004,84.jpg
-100,-100,1005,840.jpg
-100,-100,1006,841.jpg
-100,-100,1007,842.jpg
-100,-100,1008,843.jpg
-100,-100,1009,844.jpg
-100,-100,1010,845.jpg
-100,-100,1011,846.jpg
-100,-100,1012,847.jpg
-100,-100,1013,848.jpg
-100,-100,1014,849.jpg
-100,-100,1015,85.jpg
-100,-100,1016,850.jpg
-100,-100,1017,851.jpg
-100,-100,1018,852.jpg
-100,-100,1019,853.jpg
-100,-100,1020,854.jpg
-100,-100,1021,855.jpg
-100,-100,1022,856.jpg
-100,-100,1023,857.jpg
-100,-100,1024,858.jpg
-100,-100,1025,859.jpg
-100,-100,1026,86.jpg
-100,-100,1027,860.jpg
-100,-100,1028,861.jpg
-100,-100,1029,862.jpg
-100,-100,1030,863.jpg
-100,-100,1031,864.jpg
-100,-100,1032,865.jpg
-100,-100,1033,866.jpg
-100,-100,1034,867.jpg
-100,-100,1035,868.jpg
-100,-100,1036,869.jpg
-100,-100,1037,87.jpg
-100,-100,1038,870.jpg
-100,-100,1039,871.jpg
-100,-100,1040,872.jpg
-100,-100,1041,873.jpg
-100,-100,1042,874.jpg
-100,-100,1043,875.jpg
-100,-100,1044,876.jpg
-100,-100,1045,877.jpg
-100,-100,1046,878.jpg
-100,-100,1047,879.jpg
-100,-100,1048,88.jpg
-100,-100,1049,880.jpg
-100,-100,1050,881.jpg
-100,-100,1051,882.jpg
-100,-100,1052,883.jpg
-100,-100,1053,884.jpg
-100,-100,1054,885.jpg
-100,-100,1055,886.jpg
-100,-100,1056,887.jpg
-100,-100,1057,888.jpg
-100,-100,1058,889.jpg
-100,-100,1059,89.jpg
-100,-100,1060,890.jpg
-100,-100,1061,891.jpg
-100,-100,1062,892.jpg
-100,-100,1063,893.jpg
-100,-100,1064,894.jpg
-100,-100,1065,895.jpg
-100,-100,1066,896.jpg
-100,-100,1067,897.jpg
-100,-100,1068,898.jpg
-100,-100,1069,899.jpg
-100,-100,1070,9.jpg
-100,-100,1071,90.jpg
-100,-100,1072,900.jpg
-100,-100,1073,901.jpg
-100,-100,1074,902.jpg
-100,-100,1075,903.jpg
-100,-100,1076,904.jpg
-100,-100,1077,905.jpg
-100,-100,1078,906.jpg
-100,-100,1079,907.jpg
-100,-100,1080,908.jpg
-100,-100,1081,909.jpg
-100,-100,1082,91.jpg
-100,-100,1083,910.jpg
-100,-100,1084,911.jpg
-100,-100,1085,912.jpg
-100,-100,1086,913.jpg
-100,-100,1087,914.jpg
-100,-100,1088,915.jpg
-100,-100,1089,916.jpg
-100,-100,1090,917.jpg
-100,-100,1091,918.jpg
-100,-100,1092,919.jpg
-100,-100,1093,92.jpg
-100,-100,1094,920.jpg
-100,-100,1095,921.jpg
-100,-100,1096,922.jpg
-100,-100,1097,923.jpg
-100,-100,1098,924.jpg
-100,-100,1099,925.jpg
-100,-100,1100,926.jpg
-100,-100,1101,927.jpg
-100,-100,1102,928.jpg
-100,-100,1103,929.jpg
-100,-100,1104,93.jpg
-100,-100,1105,930.jpg
-100,-100,1106,931.jpg
-100,-100,1107,932.jpg
-100,-100,1108,933.jpg
-100,-100,1109,934.jpg
-100,-100,1110,935.jpg
-100,-100,1111,936.jpg
-100,-100,1112,937.jpg
-100,-100,1113,938.jpg
-100,-100,1114,939.jpg
-100,-100,1115,94.jpg
-100,-100,1116,940.jpg
-100,-100,1117,941.jpg
-100,-100,1118,942.jpg
-100,-100,1119,943.jpg
-100,-100,1120,944.jpg
-100,-100,1121,945.jpg
-100,-100,1122,946.jpg
-100,-100,1123,947.jpg
-100,-100,1124,948.jpg
-100,-100,1125,949.jpg
-100,-100,1126,95.jpg
-100,-100,1127,950.jpg
-100,-100,1128,951.jpg
-100,-100,1129,952.jpg
-100,-100,1130,953.jpg
-100,-100,1131,954.jpg
-100,-100,1132,955.jpg
-100,-100,1133,956.jpg
-100,-100,1134,957.jpg
-100,-100,1135,958.jpg
-100,-100,1136,959.jpg
-100,-100,1137,96.jpg
-100,-100,1138,960.jpg
-100,-100,1139,961.jpg
-100,-100,1140,962.jpg
-100,-100,1141,963.jpg
-100,-100,1142,964.jpg
-100,-100,1143,965.jpg
-100,-100,1144,966.jpg
-100,-100,1145,967.jpg
-100,-100,1146,968.jpg
-100,-100,1147,969.jpg
-100,-100,1148,97.jpg
-100,-100,1149,970.jpg
-100,-100,1150,971.jpg
-100,-100,1151,972.jpg
-100,-100,1152,973.jpg
-100,-100,1153,974.jpg
-100,-100,1154,975.jpg
-100,-100,1155,976.jpg
-100,-100,1156,977.jpg
-100,-100,1157,978.jpg
-100,-100,1158,979.jpg
-100,-100,1159,98.jpg
-100,-100,1160,980.jpg
-100,-100,1161,981.jpg
-100,-100,1162,982.jpg
-100,-100,1163,983.jpg
-100,-100,1164,984.jpg
-100,-100,1165,985.jpg
-100,-100,1166,986.jpg
-100,-100,1167,987.jpg
-100,-100,1168,988.jpg
-100,-100,1169,989.jpg
-100,-100,1170,99.jpg
-100,-100,1171,990.jpg
-100,-100,1172,991.jpg
-100,-100,1173,992.jpg
-100,-100,1174,993.jpg
-100,-100,1175,994.jpg
-100,-100,1176,995.jpg
-100,-100,1177,996.jpg
-100,-100,1178,997.jpg
-100,-100,1179,998.jpg
-100,-100,1180,999.jpg
